enhancer_id,Rep1_iPSCNeuron_ZC130_R_ALT_Barcode_1,Rep1_iPSCNeuron_ZC130_R_ALT_Barcode_2,Rep1_iPSCNeuron_ZC130_R_ALT_Barcode_3,Rep1_iPSCNeuron_ZC130_R_ALT_Barcode_4,Rep1_iPSCNeuron_ZC130_R_ALT_Barcode_5,Rep1_iPSCNeuron_ZC130_R_ALT_Barcode_6,Rep1_iPSCNeuron_ZC130_R_ALT_Barcode_7,Rep1_iPSCNeuron_ZC130_R_ALT_Barcode_8,Rep1_iPSCNeuron_ZC130_R_ALT_Barcode_9,Rep1_iPSCNeuron_ZC130_R_ALT_Barcode_10,Rep1_iPSCNeuron_ZC130_R_ALT_Barcode_11,Rep1_iPSCNeuron_ZC130_R_ALT_Barcode_12,Rep1_iPSCNeuron_ZC130_R_ALT_Barcode_13,Rep1_iPSCNeuron_ZC130_R_ALT_Barcode_14,Rep1_iPSCNeuron_ZC130_R_ALT_Barcode_15,Rep1_iPSCNeuron_ZC130_R_ALT_Barcode_16,Rep1_iPSCNeuron_ZC130_R_ALT_Barcode_17,Rep1_iPSCNeuron_ZC130_R_ALT_Barcode_18,Rep1_iPSCNeuron_ZC130_R_ALT_Barcode_19,Rep1_iPSCNeuron_ZC130_R_ALT_Barcode_20,Rep1_iPSCNeuron_ZC130_R_ALT_Barcode_21,Rep1_iPSCNeuron_ZC130_R_ALT_Barcode_22,Rep1_iPSCNeuron_ZC130_R_ALT_Barcode_23,Rep1_iPSCNeuron_ZC130_R_ALT_Barcode_24,Rep1_iPSCNeuron_ZC130_R_ALT_Barcode_25,Rep1_iPSCNeuron_ZC130_R_ALT_Barcode_26,Rep1_iPSCNeuron_ZC130_R_ALT_Barcode_27,Rep1_iPSCNeuron_ZC130_R_ALT_Barcode_28,Rep1_iPSCNeuron_ZC130_R_ALT_Barcode_29,Rep1_iPSCNeuron_ZC130_R_ALT_Barcode_30,Rep1_iPSCNeuron_ZC130_R_ALT_Barcode_31,Rep1_iPSCNeuron_ZC130_R_ALT_Barcode_32,Rep2_iPSCNeuron_ZC131_R_ALT_Barcode_1,Rep2_iPSCNeuron_ZC131_R_ALT_Barcode_2,Rep2_iPSCNeuron_ZC131_R_ALT_Barcode_3,Rep2_iPSCNeuron_ZC131_R_ALT_Barcode_4,Rep2_iPSCNeuron_ZC131_R_ALT_Barcode_5,Rep2_iPSCNeuron_ZC131_R_ALT_Barcode_6,Rep2_iPSCNeuron_ZC131_R_ALT_Barcode_7,Rep2_iPSCNeuron_ZC131_R_ALT_Barcode_8,Rep2_iPSCNeuron_ZC131_R_ALT_Barcode_9,Rep2_iPSCNeuron_ZC131_R_ALT_Barcode_10,Rep2_iPSCNeuron_ZC131_R_ALT_Barcode_11,Rep2_iPSCNeuron_ZC131_R_ALT_Barcode_12,Rep2_iPSCNeuron_ZC131_R_ALT_Barcode_13,Rep2_iPSCNeuron_ZC131_R_ALT_Barcode_14,Rep2_iPSCNeuron_ZC131_R_ALT_Barcode_15,Rep2_iPSCNeuron_ZC131_R_ALT_Barcode_16,Rep2_iPSCNeuron_ZC131_R_ALT_Barcode_17,Rep2_iPSCNeuron_ZC131_R_ALT_Barcode_18,Rep2_iPSCNeuron_ZC131_R_ALT_Barcode_19,Rep2_iPSCNeuron_ZC131_R_ALT_Barcode_20,Rep2_iPSCNeuron_ZC131_R_ALT_Barcode_21,Rep2_iPSCNeuron_ZC131_R_ALT_Barcode_22,Rep2_iPSCNeuron_ZC131_R_ALT_Barcode_23,Rep2_iPSCNeuron_ZC131_R_ALT_Barcode_24,Rep2_iPSCNeuron_ZC131_R_ALT_Barcode_25,Rep2_iPSCNeuron_ZC131_R_ALT_Barcode_26,Rep2_iPSCNeuron_ZC131_R_ALT_Barcode_27,Rep2_iPSCNeuron_ZC131_R_ALT_Barcode_28,Rep2_iPSCNeuron_ZC131_R_ALT_Barcode_29,Rep2_iPSCNeuron_ZC131_R_ALT_Barcode_30,Rep2_iPSCNeuron_ZC131_R_ALT_Barcode_31,Rep2_iPSCNeuron_ZC131_R_ALT_Barcode_32,Rep3_iPSCNeuron_ZC132_R_ALT_Barcode_1,Rep3_iPSCNeuron_ZC132_R_ALT_Barcode_2,Rep3_iPSCNeuron_ZC132_R_ALT_Barcode_3,Rep3_iPSCNeuron_ZC132_R_ALT_Barcode_4,Rep3_iPSCNeuron_ZC132_R_ALT_Barcode_5,Rep3_iPSCNeuron_ZC132_R_ALT_Barcode_6,Rep3_iPSCNeuron_ZC132_R_ALT_Barcode_7,Rep3_iPSCNeuron_ZC132_R_ALT_Barcode_8,Rep3_iPSCNeuron_ZC132_R_ALT_Barcode_9,Rep3_iPSCNeuron_ZC132_R_ALT_Barcode_10,Rep3_iPSCNeuron_ZC132_R_ALT_Barcode_11,Rep3_iPSCNeuron_ZC132_R_ALT_Barcode_12,Rep3_iPSCNeuron_ZC132_R_ALT_Barcode_13,Rep3_iPSCNeuron_ZC132_R_ALT_Barcode_14,Rep3_iPSCNeuron_ZC132_R_ALT_Barcode_15,Rep3_iPSCNeuron_ZC132_R_ALT_Barcode_16,Rep3_iPSCNeuron_ZC132_R_ALT_Barcode_17,Rep3_iPSCNeuron_ZC132_R_ALT_Barcode_18,Rep3_iPSCNeuron_ZC132_R_ALT_Barcode_19,Rep3_iPSCNeuron_ZC132_R_ALT_Barcode_20,Rep3_iPSCNeuron_ZC132_R_ALT_Barcode_21,Rep3_iPSCNeuron_ZC132_R_ALT_Barcode_22,Rep3_iPSCNeuron_ZC132_R_ALT_Barcode_23,Rep3_iPSCNeuron_ZC132_R_ALT_Barcode_24,Rep3_iPSCNeuron_ZC132_R_ALT_Barcode_25,Rep3_iPSCNeuron_ZC132_R_ALT_Barcode_26,Rep3_iPSCNeuron_ZC132_R_ALT_Barcode_27,Rep3_iPSCNeuron_ZC132_R_ALT_Barcode_28,Rep3_iPSCNeuron_ZC132_R_ALT_Barcode_29,Rep3_iPSCNeuron_ZC132_R_ALT_Barcode_30,Rep3_iPSCNeuron_ZC132_R_ALT_Barcode_31,Rep3_iPSCNeuron_ZC132_R_ALT_Barcode_32,Rep4_iPSCNeuron_ZC133_R_ALT_Barcode_1,Rep4_iPSCNeuron_ZC133_R_ALT_Barcode_2,Rep4_iPSCNeuron_ZC133_R_ALT_Barcode_3,Rep4_iPSCNeuron_ZC133_R_ALT_Barcode_4,Rep4_iPSCNeuron_ZC133_R_ALT_Barcode_5,Rep4_iPSCNeuron_ZC133_R_ALT_Barcode_6,Rep4_iPSCNeuron_ZC133_R_ALT_Barcode_7,Rep4_iPSCNeuron_ZC133_R_ALT_Barcode_8,Rep4_iPSCNeuron_ZC133_R_ALT_Barcode_9,Rep4_iPSCNeuron_ZC133_R_ALT_Barcode_10,Rep4_iPSCNeuron_ZC133_R_ALT_Barcode_11,Rep4_iPSCNeuron_ZC133_R_ALT_Barcode_12,Rep4_iPSCNeuron_ZC133_R_ALT_Barcode_13,Rep4_iPSCNeuron_ZC133_R_ALT_Barcode_14,Rep4_iPSCNeuron_ZC133_R_ALT_Barcode_15,Rep4_iPSCNeuron_ZC133_R_ALT_Barcode_16,Rep4_iPSCNeuron_ZC133_R_ALT_Barcode_17,Rep4_iPSCNeuron_ZC133_R_ALT_Barcode_18,Rep4_iPSCNeuron_ZC133_R_ALT_Barcode_19,Rep4_iPSCNeuron_ZC133_R_ALT_Barcode_20,Rep4_iPSCNeuron_ZC133_R_ALT_Barcode_21,Rep4_iPSCNeuron_ZC133_R_ALT_Barcode_22,Rep4_iPSCNeuron_ZC133_R_ALT_Barcode_23,Rep4_iPSCNeuron_ZC133_R_ALT_Barcode_24,Rep4_iPSCNeuron_ZC133_R_ALT_Barcode_25,Rep4_iPSCNeuron_ZC133_R_ALT_Barcode_26,Rep4_iPSCNeuron_ZC133_R_ALT_Barcode_27,Rep4_iPSCNeuron_ZC133_R_ALT_Barcode_28,Rep4_iPSCNeuron_ZC133_R_ALT_Barcode_29,Rep4_iPSCNeuron_ZC133_R_ALT_Barcode_30,Rep4_iPSCNeuron_ZC133_R_ALT_Barcode_31,Rep4_iPSCNeuron_ZC133_R_ALT_Barcode_32
ARP.Control.CS6000023125_Raegyp2_NW_015494788.1,7243,8552,4748,9500,8023,8569,10263,10407,3490,9344,8889,5912,8926,9127,6046,10546,10133,6668,8250,9696,8669,10441,10229,11696,8055,8514,9152,9043,7152,8843,9770,8454,7914,9763,5252,11271,8355,8830,10944,11025,3780,12755,9141,5945,9894,10476,7356,11837,10831,6897,9216,9745,9721,11173,10972,12695,9441,8832,11057,10587,7724,9294,10636,8956,7970,10916,5620,12115,8831,9781,12169,12094,4121,10876,9600,6069,10257,10453,7370,12563,12111,7896,10248,11137,11217,12362,12176,14688,9270,9725,11529,11235,8546,9807,10829,9520,7576,9784,5155,11086,7957,8493,10421,10946,3676,9962,8865,5968,9112,9640,6967,10781,11269,6917,9283,11027,9112,10712,10411,12915,8797,8991,10385,9958,7722,9193,10132,8715
ARP.Control.CS6000035558_panTro4_chr12,4939,4111,2976,4492,3992,6378,4205,3549,2370,3623,4971,4138,3844,3063,3610,4539,4501,2756,3281,3195,4345,2707,3996,3681,3755,2870,4339,4244,6110,4409,3478,4512,5420,4516,3481,5149,4940,6965,4763,4195,2584,3914,5205,5048,4369,3464,4507,5142,5068,2890,3449,3764,4400,3243,4553,4207,4118,3378,4900,5083,5093,4542,3904,4890,5257,4305,3326,4603,4483,6824,4452,3934,2723,3945,5057,4531,4112,3386,3994,4643,4746,2772,3643,3487,4471,2938,4169,4002,3823,3125,4661,4696,5134,4141,3720,4748,4697,3929,3003,4220,4102,5995,4105,3596,2427,3446,4526,4051,3730,2804,3506,4090,4236,2582,3343,3139,3919,2637,3614,3615,3569,2840,4265,4388,4528,3889,3419,4314
ARP.Control.CS6000065474_rheMac8_chr20,4406,5074,3208,3115,3917,2033,3645,2451,2753,3288,3565,2676,3567,3738,4366,3910,4222,3565,3642,3955,5057,3441,4017,4567,4049,2817,3254,4288,3108,5835,3890,3137,5115,5688,3865,3549,4471,2490,4426,2789,3226,3710,4031,2970,4127,4243,4876,4189,4968,4151,4212,4436,6165,4099,4503,5681,4451,3082,3922,5046,3539,6632,5064,3675,4775,5297,3461,3528,4288,2209,4045,2603,2908,3499,3757,2829,3844,4126,4602,3869,4558,3885,3870,4468,6074,3849,4077,5054,4308,2922,3646,4723,3460,6478,4410,3292,4497,4602,3085,3325,3929,2104,3612,2288,2711,3254,3533,2590,3537,3473,4784,3436,4323,3589,3656,3921,5135,3448,3997,4570,4012,2703,3320,4186,3487,5622,3819,3152
ARP.Control.CS6000076312_mm10_chr18,3625,3934,4533,4580,4226,4424,4192,4575,3931,3607,4905,4808,3821,4035,4944,4480,4225,3586,4362,4466,4693,3316,4028,3806,2156,4245,4046,4461,3824,4136,4389,4186,4736,4083,4649,4396,4534,5037,4470,4973,8072,3778,4954,5056,3864,5187,5417,5419,5000,3945,4826,5267,5174,4257,4479,4347,2578,4650,4616,4714,3911,4434,5038,4389,4529,4300,5054,4941,4673,4860,4989,5132,4312,4148,5215,5157,4367,4979,5437,5642,5802,3952,5079,5116,5175,4019,4844,4341,2248,4734,4565,5020,4033,4636,4941,4615,3954,3750,4344,4325,4197,4256,4462,4724,3981,3497,4769,5690,3665,4284,4944,4947,4561,3546,4534,4602,4476,3747,4189,3916,1982,4099,4088,4371,3552,4247,4501,4103
ARP.Control.CS6000151238_taeGut2_chr19,4320,5516,6334,5774,4313,5039,6985,4299,3590,5979,4672,4657,5629,6859,4558,5736,4383,5191,8149,6815,3297,4585,5706,5332,6008,6338,5021,5793,4680,3904,5467,5265,4518,5477,6484,6322,4533,4752,7108,4782,6097,6328,5582,4919,5761,6757,4677,6061,4899,5540,8533,7195,3477,4974,6579,5377,6278,6827,5323,6106,5268,4203,5750,5272,4885,6376,6800,6230,4996,5287,7995,5266,4150,6240,5327,4876,5900,7380,4843,6191,5029,6014,8880,7302,3731,5127,6879,5872,6343,6927,5704,6315,5360,4442,5892,5976,4323,5601,6071,5365,4469,4627,7007,4539,3614,5829,4584,4466,5577,6180,4444,5441,4500,5432,7606,6752,3380,4365,5767,5163,6028,6017,4999,5538,4719,3927,5344,4983
ARP.Control.Kheradpour_hepg2andk562_pos_PK_construct_1886,1762,1977,3673,966,1293,4113,3699,3064,3814,2347,2023,2284,1451,2863,921,1686,1447,2972,1898,2913,2142,3648,1138,1463,1720,2760,4156,3300,1423,2505,4016,1575,1883,2174,4433,985,1236,4473,3480,3646,4589,2491,2161,2132,1625,3360,1133,1725,1519,3156,1967,2379,2401,4030,1277,1825,1967,3242,4245,3641,1685,3110,4993,1968,2032,2312,4133,1171,1596,4708,3541,3653,4427,2511,2411,2377,1683,3049,1138,1772,1611,3365,2062,2414,2360,4306,1436,1572,2152,3388,4428,3440,1880,2809,4865,1849,1731,2004,3701,1049,1309,4351,3139,3222,4264,2157,2077,2295,1604,2917,953,1649,1380,2985,1894,2159,2073,3989,1246,1593,1806,2942,3874,3919,1584,2545,4321,1689
ARP.Control.Nguyen_cortical_T03000000002_mm_chr1_13178725,4806,3555,4382,4085,2756,3032,5781,2875,4309,3572,3238,4720,6304,4252,5322,4771,1814,5579,3352,3763,4253,3698,3804,3821,5131,3978,5699,4300,2950,5032,3185,2142,5288,3687,4805,4430,3114,3296,6234,3168,4683,3787,3453,4904,6823,4534,5750,4915,3132,5822,3617,4007,5035,3524,5947,4494,5381,4095,5968,4697,3298,5654,4019,2379,6031,4212,5445,5309,3507,3613,6842,3531,5212,4233,4022,5606,7916,7900,6596,9271,2331,6541,4024,4804,5334,4440,4692,4949,6070,3440,7348,5139,3834,6657,4374,2787,5160,3818,4814,4662,2950,3187,6127,3246,4912,3961,3493,4894,6804,4512,5836,5090,2317,5870,3469,3880,4958,4310,4491,4081,5529,3388,6300,4427,3437,5575,3789,2353
ARP.Control.Nguyen_cortical_T03000000137_mm_chr2_167460085,5430,3771,1369,7777,4174,10221,4365,4370,4765,7589,5935,3712,6316,4698,8983,4776,5940,4670,6696,6144,4361,4660,8011,5002,9875,4752,3887,5970,5486,6183,4910,6391,5440,3963,1274,7962,4464,4788,4268,4799,5234,7879,6478,3896,6407,5311,8013,4919,5787,5032,6676,6221,4843,4770,8377,5480,10498,5011,4419,6334,5447,6010,5588,6361,6130,4474,1636,9288,5118,5086,5284,5251,5676,9075,6972,4461,7540,5257,9343,5321,6764,5888,7119,7510,5185,6077,10185,6251,12319,5377,4655,6888,6428,7391,6421,7312,5416,3817,1388,8466,4433,5166,4218,4908,5196,8244,6338,4215,6668,5065,8418,5006,6015,5366,6557,6849,4847,5356,9038,5770,11104,5056,4246,6473,5647,6453,5700,7020
ARP.Control.Nguyen_cortical_T03000000926_mm_chr15_97998220,1861,2018,1434,1962,1910,1726,1671,1798,2395,2635,1755,1650,2033,1869,704,2171,1679,1828,5618,1603,2497,1882,1913,1424,2554,2674,4214,2922,2470,2267,2744,2590,2161,2109,1659,2068,2254,1862,1750,2100,2621,3138,2027,1506,2076,1991,1064,2070,2038,2110,6004,1717,2555,1946,2018,1715,2770,2552,4253,3105,2673,2339,2883,2843,1979,2593,1839,3144,2443,2117,2080,2249,2828,3550,2227,1942,2286,2682,890,2512,2285,2307,6585,1991,3020,2370,2608,1862,3501,3196,4814,3453,3428,3006,3334,2985,1889,2142,1625,2260,2374,1677,1845,1917,2501,3122,2104,1583,2067,2066,787,2513,2068,1951,5733,1707,2668,1980,2175,1599,2860,2686,4336,3180,2911,2340,3049,2670
ARP.Control.Nguyen_cortical_T03000002332_hs_chr5_33373320,2302,1030,1798,944,956,404,1358,1045,1125,2483,499,667,1732,1710,1212,751,1304,651,3336,1418,912,485,790,537,1539,1006,1492,992,492,1747,2315,1623,2404,1342,1862,920,1075,578,1449,1026,1066,2935,557,804,1907,1927,1252,966,1164,724,3169,1697,909,433,848,634,1835,1168,1653,1100,582,1777,2487,1651,2489,1393,2155,1104,1197,563,1644,1285,1221,3092,655,853,2503,2059,1321,953,1198,793,3713,1824,1040,509,894,721,2022,1328,1769,1096,609,1831,2675,2012,2341,1146,1681,1017,1132,493,1427,1164,1276,2673,493,688,2124,1876,1243,744,1094,661,3074,1746,798,603,779,584,1646,1130,1600,984,593,1787,3150,1870
ARP.Control.Nguyen_cortical_T03000003606_mm_chr2_181336040,9161,10851,10193,9151,9878,9541,13024,13179,6570,8947,9875,10153,6336,8208,12461,9275,9498,10688,9640,10157,8794,8884,8951,8234,9063,10349,8797,8939,12284,8552,10398,10064,10410,11529,10976,9899,10854,10792,13874,13573,7240,10041,10291,10524,7071,8167,12957,10050,10012,12173,11204,10916,9442,9555,10003,8875,10069,11278,8675,10440,13069,9074,11151,11336,11958,12778,12963,11907,12986,12137,16151,15591,7753,10935,12048,12303,7943,9459,15091,10922,11380,13128,11552,11886,10921,10625,11326,10435,10845,13139,9678,10972,15004,10117,12783,13191,10357,11655,11428,10072,11170,10823,14355,13598,7102,9967,10361,10778,7435,8494,13140,9686,10260,11689,10728,11037,9533,9660,10036,8455,9504,11083,8350,9669,13306,9182,10804,11235
ARP.Control.Nguyen_cortical_T03000004012_hs_chr13_51676150,5307,3269,4311,3072,4870,2749,4791,2741,5376,4115,3785,5392,2682,4237,3729,3703,1770,4250,4465,3040,2229,5506,4744,2480,6599,4607,2580,4923,5319,2874,4593,2388,6014,3478,4870,3308,4829,2732,5110,2858,5286,4412,4163,5193,3112,4994,4233,4091,1956,4458,5066,3515,2139,5658,5188,2766,5645,5127,3080,5456,11150,3076,5099,2508,6053,4265,4848,3471,5345,2896,5585,2981,6107,4553,4233,5875,3865,5462,4365,4516,2159,4740,5385,3938,2409,6556,5790,3087,5848,5688,3295,5894,6467,3294,5423,2842,5496,3174,4387,3256,4960,2626,5112,2641,5295,4186,3907,5079,3138,4743,4081,4019,1741,4365,5035,3378,2196,5767,5175,2798,5232,6022,2848,5499,5808,3004,5175,2559
ARP.Control.Nguyen_cortical_T03000005948_mm_chr4_48300480,3550,2879,2300,2622,3049,4144,3289,3104,4683,3325,3259,4194,3470,3369,3585,4016,3740,4244,4093,3814,3787,3411,3862,2403,3336,3094,4512,4597,3609,3135,4107,3087,3746,2989,2451,3057,3340,4835,3874,2765,4782,3898,4201,4331,3507,4117,3838,4332,4007,4672,5138,4057,3815,3680,4197,2432,3779,3176,4870,4936,3916,3785,4749,3630,3888,2899,2568,3222,3400,5395,3694,2688,4792,3669,3724,4332,3384,3930,3820,4820,4193,4526,5056,4242,4270,3669,4082,2650,3784,3288,5324,5132,4449,3348,4797,3404,3483,2680,2322,2691,3328,4354,3294,2563,4274,3447,3570,4103,3025,3502,3275,4177,3821,4808,4513,3971,3640,3261,3768,2244,3457,2997,4801,4528,3787,3027,4134,3282
ARP.Control.Nguyen_cortical_T03000006407_mm_chr11_98448655,9375,8661,10104,10575,12520,10290,10846,11234,13074,12489,11446,12298,13862,11724,11319,10885,5159,10082,8781,7661,9112,12595,8670,10373,9875,12711,8316,9969,15235,6405,12178,0,10021,9579,10781,11026,13999,10426,12297,12495,13417,13413,12598,12812,14119,12703,11423,11416,9566,10866,7147,7709,9382,13658,9223,11707,9904,13206,8556,10641,15389,6360,11853,0,11858,10999,13002,12535,15685,12193,19458,14554,14513,15941,15120,14313,17132,15237,13126,13751,7172,12588,8508,8807,11174,16212,10479,12818,11685,15277,10013,12778,17783,7583,14382,0,10706,10381,11814,11554,13921,11441,12408,12882,13892,14350,13414,12902,15497,13175,11941,12164,7344,12075,7358,8315,10030,14624,9582,11717,11255,14253,9069,11569,16351,7016,13252,0
ARP.Control.Nguyen_cortical_T03000008755_mm_chr12_120702940,4894,7594,2922,7565,6083,5317,4793,5920,5216,6147,7333,2137,3356,4848,6235,6820,5378,4447,6394,6249,3610,1627,6220,6315,4595,4915,5887,4989,6650,3990,3430,5133,5532,8324,3126,8300,6520,5481,4825,6343,5798,7006,7630,2350,3440,5038,6964,7381,5299,4931,6702,6715,3757,1664,6620,6569,5045,5452,6464,6175,7477,4302,3921,5747,5463,8712,3230,7971,6834,6668,6057,6265,5968,6993,8093,2143,3689,5096,7127,7891,5310,4762,6870,6917,4081,1770,6514,6727,4952,6374,6328,6049,7371,4654,3998,5768,5125,8051,3095,7129,6123,5432,4754,5642,5339,6296,6975,2003,3280,4757,6381,6650,4857,4684,6197,6407,3512,1543,6210,6201,4769,5245,5605,4944,6756,4121,5027,5450
ARP.Control.Nguyen_cortical_T03000010543_hs_chr18_42421915,11011,8431,7881,6795,6152,6531,7660,5789,6753,5934,7545,5386,7256,7886,4981,5456,7252,6756,5541,5258,6255,5705,9543,6503,5954,6381,8169,3651,5790,7528,7694,8608,10972,9488,8257,7098,6707,6460,7371,5793,6907,5979,8366,5390,7798,15112,5048,5906,7696,6901,5717,5869,6320,6005,10598,6022,6198,6852,8856,4034,6461,8535,8037,8994,13303,10450,9684,8698,7345,7190,8389,6963,8339,7094,9077,6181,8738,9456,5651,6559,8180,7979,6460,5980,7072,7033,12123,7131,6840,7172,10262,4600,7104,9090,9033,10076,11492,9344,8254,7577,6416,6419,7490,6421,7187,6361,8150,5572,7703,8788,5618,5749,7687,7142,6216,5511,6050,6165,10936,6347,5887,6736,8955,4059,6681,8476,7835,9471
ARP.Control.Nguyen_neg_T03000001061,5548,6812,3971,3956,4620,4158,5166,4082,4216,8093,4730,4841,4443,3563,6324,3976,4603,5343,5914,5156,4941,5913,4361,5319,4549,7855,3397,2994,3272,6383,6067,5631,5720,7821,4192,4106,5324,4375,5556,4185,4355,8418,4920,4936,4928,3896,6729,4447,5491,5776,5970,5500,5272,6109,4350,5716,5410,8497,3740,3491,4134,6631,6891,6151,7793,9224,4995,5719,6318,5590,6719,5648,5665,11370,6351,6732,6578,4740,8210,5606,6616,7539,7157,7004,6696,8189,5872,7349,6364,10165,5052,4406,4439,8743,8559,7866,6529,8329,4757,4834,6237,4565,5794,5035,4745,9635,5319,5566,5610,3881,6948,4726,5748,6116,6420,6233,6535,7088,4927,6301,5797,9038,3842,3811,3918,7338,7277,6667
ARP.Control.Nguyen_neg_T03000001872,4076,3204,3691,5106,2733,4173,3744,6377,4049,5401,3426,2180,3521,4213,3654,3865,4377,10521,4023,8115,4489,4703,3845,4610,2940,1710,4430,1239,4517,2852,5018,5626,4345,3372,3897,5245,2773,4061,4198,7254,4396,6004,3689,2330,4146,4737,3909,3849,4747,12328,4049,9285,5015,5262,3990,4820,3062,1835,4494,1240,4789,2905,5274,6386,4813,3979,4104,5968,3434,4511,4508,7956,5021,6576,4097,2819,4843,5040,4557,4485,5121,13342,4756,9860,5657,5711,4242,5546,3563,2107,5383,1475,5361,3336,6038,7092,4358,3502,3989,5049,2837,4021,3917,6930,4533,5731,3567,2473,4074,4537,3943,4206,4328,11241,4035,8724,4883,5196,3946,5088,2967,1700,4573,1271,4523,2917,5285,6178
ARP.Control.Nguyen_neg_T03000002350,4693,4641,3859,5100,3985,3905,3190,4296,2645,7999,5916,3983,2858,2141,3516,4019,4136,3192,4903,3971,2837,3165,4299,3125,7125,6175,2481,3679,2567,3853,3073,4788,5457,4423,3834,6027,4102,4486,3346,4615,2866,8949,6247,4073,2848,2184,3658,3968,4469,3601,4680,4510,3340,3334,4660,3340,7894,6606,2680,3595,2696,3852,3014,5103,6036,4950,4241,6320,5044,4822,3755,5595,3328,9875,6896,4772,3253,2616,4181,4607,5217,3660,5570,5251,3738,4027,7394,3816,9309,7211,3039,4146,3004,4647,3813,5677,5267,4219,3886,5494,4375,4332,3310,4637,2999,8730,6113,4486,3049,2204,3816,4080,4533,3200,5186,4480,3338,3354,4748,3352,7860,6437,2545,3771,2645,4272,3343,5214
ARP.Control.Nguyen_neg_T03000006478,4907,6378,7422,6122,6564,6496,6377,5290,5815,5987,8604,4715,8688,7297,6499,5226,7512,7037,6761,5944,6753,8197,4519,5985,5029,6094,877,6999,6050,12797,6525,6411,5623,6818,7824,7042,7178,7903,7553,5667,6271,6531,9019,5251,9415,7721,6847,5559,8064,7855,7318,5822,6868,8959,4787,6113,5362,6756,1022,7512,6461,6488,6610,7154,5051,6548,7604,6642,7290,7112,7333,5693,6589,6385,9258,5253,9589,8162,7271,5720,7731,7611,7665,6038,7022,9296,4645,6504,5283,6669,987,7560,6958,6516,7034,7268,4772,6034,7148,6024,6452,6734,6705,5015,5805,5842,8287,4822,8741,7165,6397,5013,7423,7050,6849,5879,6466,8434,4306,6017,4651,6316,849,6624,6245,5894,6594,6417
ARP.Control.Nguyen_neg_T03000008079,582,1523,814,1644,2032,1985,2535,2198,4011,3137,4067,1254,1511,1496,1284,1989,1510,1297,2103,466,1186,2752,949,2528,4280,2400,2976,3813,1436,1498,1384,0,737,1356,812,1719,2036,2104,2755,1650,4014,2876,4886,1328,1618,1469,1425,1806,1438,1305,1889,741,1275,2398,1050,2827,4571,2411,3087,4012,1558,1361,1447,0,891,1952,854,2099,2618,2697,3147,2330,5203,3859,5663,1448,1891,1867,1731,2134,1689,1593,2485,812,1607,3208,1248,3290,5568,2864,3740,5958,1932,1900,1926,0,817,1729,764,1927,2302,2361,2799,1876,4411,3466,4885,1308,1644,1747,1583,1982,1522,1361,2187,706,1403,3192,1002,2878,5070,2522,3227,4478,1538,1866,1549,0
ARP.Control.Nguyen_neg_T03000009050,6602,5392,6177,7131,6370,5313,6368,6944,6502,6332,5672,6848,5855,5690,7942,6152,4257,7550,5359,7029,3604,4764,5348,5701,7516,5197,4436,5480,6501,4712,7116,6387,7233,5600,7127,8114,6943,6873,7049,7527,7114,6895,5689,7457,6554,6062,9091,6666,5024,8189,6232,7775,4341,4712,5787,6243,7663,6279,5055,6305,7328,5258,7292,7030,9947,5922,7117,9098,7163,6033,7290,7434,7421,6884,5457,7612,6414,6482,8703,6686,4649,8484,5963,7853,4410,5059,6367,6209,7917,6356,4784,6077,7775,5457,7510,7609,6499,5003,6262,7230,6366,5051,6401,6418,6544,6077,4993,6457,6135,5449,7747,5874,4328,7325,5384,6785,3955,4385,5298,5217,6980,5860,4498,5450,6916,4674,7473,6286
ARP.Control.Nguyen_neg_T03000009840,141,316,441,1219,280,706,111,308,426,205,1390,660,419,148,518,348,261,141,120,1460,280,313,1447,223,420,209,319,127,148,41,103,0,92,449,572,1271,362,673,130,346,468,233,1634,692,483,129,555,406,292,116,206,1913,336,330,1578,195,382,243,307,136,195,73,142,0,88,310,572,1398,309,770,136,439,543,213,1830,843,585,257,544,418,298,118,193,1958,460,330,1665,201,477,247,272,96,218,84,115,0,88,268,517,1172,293,642,118,417,480,204,1527,803,376,220,407,361,256,115,213,1529,383,392,1638,150,446,216,294,96,143,63,80,0
ARP.Control.Nguyen_neg_T03000009843,2122,1529,2656,2886,1157,1842,2214,1779,2388,772,1130,2241,2410,1724,1329,1815,1992,1760,2086,1689,2414,1184,906,2306,2145,2030,1032,2294,1487,2294,1781,804,2349,1631,2974,3422,1128,1964,2571,2427,2885,855,1583,2308,2354,1838,1380,2115,1964,2044,2460,2134,2554,1190,1123,2876,2651,2301,1058,2437,1662,2576,2000,1020,2251,1547,2841,2968,1074,1812,2420,1919,2326,741,1110,2334,2389,1566,1388,2037,1765,1980,2024,1840,2367,1180,1179,2701,2316,2040,1006,2530,1549,2474,1723,1025,2059,1424,2474,2780,1139,1683,2153,1666,2142,742,1143,2208,2063,1509,1198,1751,1713,1747,1864,1820,2159,970,994,2264,2152,1874,922,2374,1368,2358,1661,896
ARP.Control.Nguyen_neg_T03000010893,1871,3359,5380,5954,4298,2533,3348,6085,3888,1945,6045,3627,5479,3955,4431,3610,5063,3753,3195,3445,5086,5111,3894,1883,4246,5461,3741,3748,6492,3538,1044,3811,2089,3670,5601,6576,4539,2504,3693,6701,4620,2075,6911,3786,6095,4131,4459,4200,5745,3906,3588,4003,5416,5553,4479,1596,4303,5968,4104,4127,6964,4185,1040,4268,2245,4017,6119,7170,4762,2855,4310,7208,4675,2201,6917,3912,6415,4772,4933,4983,5974,3990,3465,4100,5426,5704,4631,1997,4478,6313,4219,4166,7626,3941,1051,4530,1991,3570,4984,6038,4294,2582,3764,6328,4423,2046,6473,3548,5418,4216,4443,4210,5078,3557,3087,3708,5173,5202,4200,1785,4105,5468,3753,3786,6809,3549,925,3959
ARP.Control.hg38_chr1:168848149-168848269,2497,2431,2945,3134,3047,2549,1950,2809,2388,3194,3031,2070,2893,1613,3856,2059,1932,2733,3179,2684,3299,2542,3316,2716,3860,3083,2264,3404,2638,2862,3420,4131,2584,2917,3589,3658,3500,3037,2220,3567,2953,3881,3310,3731,3563,2040,4433,2333,2175,3141,3915,3260,3909,2991,3279,3350,4635,3764,2782,3871,3088,3166,4005,4517,2440,2474,2931,2940,2687,2651,2025,2742,2495,3083,2933,2224,2919,1725,3703,1925,1722,2838,3215,2745,3357,2520,2908,2693,3847,3174,2197,3422,2666,2607,3664,4001,2082,2366,2810,2887,2607,2446,1921,2599,2207,3041,2624,1939,2785,1517,3529,1853,1656,2696,2946,2502,3538,2377,2753,2668,3516,2814,1935,3134,2497,2409,3219,3576
ARP.Control.mm10_chr5:52618636-52618756,1404,2933,3083,2808,2704,2145,2286,2499,2447,3677,2234,2755,3491,2422,1820,2501,2984,2082,1554,2694,2552,2434,2272,3530,2731,3841,4133,2797,3470,3202,2122,2194,1768,2825,3554,3467,2980,2578,2245,2691,2920,4568,2710,3014,4238,2585,1929,2778,3007,1917,2024,2966,3108,2883,2695,3994,2881,4165,4896,10037,3689,3308,2317,2445,1859,3399,3707,3781,3413,2682,2523,2872,3293,4257,2903,3517,4497,2833,2116,2960,3409,2213,1966,3030,3360,3204,2996,4293,3248,4523,5154,3413,4223,3881,2369,2472,1846,3097,3182,3005,2969,2416,2073,2563,2835,3700,2731,3201,3995,2533,1823,2686,3090,1869,1779,2636,2998,2831,2759,3769,2768,3941,4514,2979,3506,3258,2209,2357
ARP.Control.mm10shuf5_chr12:85436241-85436361_shuf_245,5494,5185,5553,5530,6953,5762,6124,5122,4393,5025,4204,6818,4329,4645,5405,6959,5342,6508,5759,5740,5536,4823,5652,5023,4623,6401,6651,4660,5682,6740,5894,7198,5581,5325,5618,5932,7033,6619,6497,5333,4887,5218,4646,7382,5157,5042,5772,7006,5617,7342,5982,6196,6346,5476,6341,5541,5031,7227,6997,4772,6296,7300,6624,7836,6268,5989,7093,6417,7972,7339,7372,5815,5651,5756,5258,8108,5298,5300,6133,8400,6567,7454,6696,6504,7055,5785,6909,5949,5384,8107,7675,5694,6800,8172,7066,8221,5678,5355,6149,6083,7069,6263,6598,5185,5586,5348,4678,7590,4702,4846,5863,7135,5920,6869,6236,5878,6202,5511,6262,5567,4796,7004,6894,5146,5697,7191,6620,7671
ARP.Control.rheMac8_chr2:197426041-197426161,1989,913,950,1424,1715,1517,1916,2242,2149,2556,2293,2114,928,2072,839,1996,2058,1339,976,2809,1686,863,1092,1318,1648,1694,1510,1953,1144,1328,965,1284,2421,1223,1313,1653,2003,1927,2398,2508,2515,2925,2831,2548,1055,2441,1072,2288,2268,1784,1420,3705,1967,1208,31631,1481,1959,2080,1898,2407,1452,1572,1247,1707,2021,861,1023,1364,1643,1508,2085,2062,2125,2452,2247,2094,827,2104,950,1822,1759,1320,957,2779,1632,894,1029,1159,1563,1667,1470,1822,1285,1352,970,1274,1731,883,939,1210,1720,1424,1813,1873,1955,2252,2086,1913,862,1754,800,1722,1716,1235,934,2546,1465,810,994,1161,1427,1565,1324,1859,1142,1241,1066,1223
ARP.Control.rs115898899,5340,8708,5503,2966,6829,4998,7736,5539,6810,5060,6648,5631,3588,4078,3928,5119,5248,4264,4039,3560,7428,5701,6052,5185,4820,5784,6380,3506,7071,4900,0,0,5960,9654,6189,3013,7731,5140,4215,6515,7543,5723,6974,6286,3800,4455,4371,5758,5497,4807,5175,3910,8769,6154,6830,6228,5448,6992,7423,4203,7590,5775,0,0,5631,9231,6354,3084,8108,4998,4243,6435,7120,5373,6938,6330,3665,4355,4320,5462,5605,4814,4607,4113,8392,5630,6858,5988,5581,7489,6891,4094,7383,5459,0,0,5099,8584,5916,2789,7102,4898,3781,5766,6521,5036,6281,5647,3295,4015,3885,5096,5066,4390,4090,3690,7726,5127,6164,5283,4909,6005,6421,3438,7012,4668,0,0
ARP.Control.taeGut2_chr13:8529831-8529951,210,211,189,211,140,319,302,185,170,270,257,265,164,335,149,219,115,540,202,179,275,163,304,162,153,473,171,321,95,264,295,0,292,241,214,216,136,271,338,176,213,288,304,340,158,390,212,266,206,669,288,219,241,234,317,152,211,501,178,419,134,362,304,0,271,265,211,241,176,238,301,172,205,251,263,266,148,394,153,217,150,526,256,215,275,171,267,162,199,478,171,326,101,294,322,0,198,228,202,301,135,251,250,195,149,220,263,265,151,337,131,232,157,489,222,215,188,125,237,169,200,393,194,296,90,290,221,0
